Product Title,SKU,Parent Category,Categories,Parent Category 2,Color Categorires,Parent Category 3,Autor Category,Amostra,Images,,,Tags
Papel de Parede Industrial Aço Corten,PPRIND19001,Papel de parede,Industrial,Cor,Laranja,Autor,PauloRAZZ,https://ipapel.com.br/wp-content/uploads/2022/05/PPRIND19001-Amostra.jpg,"PPRIND19001.webp,PPRIND19001-AMBIENTE.webp",PPRIND19001.webp,PPRIND19001-AMBIENTE.webp,Laranja
Papel de Parede Industrial Aço Corten,PPRIND19002,Papel de parede,Industrial,Cor,Laranja,Autor,PauloRAZZ,https://ipapel.com.br/wp-content/uploads/2022/05/PPRIND19002-Amostra.jpg,"PPRIND19002.webp,PPRIND19002-AMBIENTE.webp",PPRIND19002.webp,PPRIND19002-AMBIENTE.webp,Laranja
Papel de Parede Industrial Aço Corten,PPRIND19003,Papel de parede,Industrial,Cor,Laranja,Autor,PauloRAZZ,https://ipapel.com.br/wp-content/uploads/2022/05/PPRIND19003-Amostra.jpg,"PPRIND19003.webp,PPRIND19003-AMBIENTE.webp",PPRIND19003.webp,PPRIND19003-AMBIENTE.webp,Laranja
Papel de Parede Industrial Aço Corten,PPRIND19004,Papel de parede,Industrial,Cor,Laranja,Autor,PauloRAZZ,https://ipapel.com.br/wp-content/uploads/2022/05/PPRIND19004-Amostra.jpg,"PPRIND19004.webp,PPRIND19004-AMBIENTE.webp",PPRIND19004.webp,PPRIND19004-AMBIENTE.webp,Laranja
Papel de Parede Industrial Aço ,PPRIND19005,Papel de parede,Industrial,Cor,Marrom,Autor,PauloRAZZ,https://ipapel.com.br/wp-content/uploads/2022/05/PPRIND19005-Amostra.jpg,"PPRIND19005.webp,PPRIND19005-AMBIENTE.webp",PPRIND19005.webp,PPRIND19005-AMBIENTE.webp,Marrom
Papel de Parede Industrial Aço ,PPRIND19006,Papel de parede,Industrial,Cor,Marrom,Autor,PauloRAZZ,https://ipapel.com.br/wp-content/uploads/2022/05/PPRIND19006-Amostra.jpg,"PPRIND19006.webp,PPRIND19006-AMBIENTE.webp",PPRIND19006.webp,PPRIND19006-AMBIENTE.webp,Marrom
Papel de Parede Industrial Aço ,PPRIND19007,Papel de parede,Industrial,Cor,Marrom,Autor,PauloRAZZ,https://ipapel.com.br/wp-content/uploads/2022/05/PPRIND19007-Amostra.jpg,"PPRIND19007.webp,PPRIND19007-AMBIENTE.webp",PPRIND19007.webp,PPRIND19007-AMBIENTE.webp,Marrom
Papel de Parede Industrial Aço Enferruajdo,PPRIND19008,Papel de parede,Industrial,Cor,Marrom,Autor,PauloRAZZ,https://ipapel.com.br/wp-content/uploads/2022/05/PPRIND19008-Amostra.jpg,"PPRIND19008.webp,PPRIND19008-AMBIENTE.webp",PPRIND19008.webp,PPRIND19008-AMBIENTE.webp,Marrom
Papel de Parede Industrial Aço Enferruajdo,PPRIND19009,Papel de parede,Industrial,Cor,Marrom,Autor,PauloRAZZ,https://ipapel.com.br/wp-content/uploads/2022/05/PPRIND19009-Amostra.jpg,"PPRIND19009.webp,PPRIND19009-AMBIENTE.webp",PPRIND19009.webp,PPRIND19009-AMBIENTE.webp,Marrom
Papel de Parede Industrial Aço Enferruajdo,PPRIND19010,Papel de parede,Industrial,Cor,Cinza,Autor,PauloRAZZ,https://ipapel.com.br/wp-content/uploads/2022/05/PPRIND19010-Amostra.jpg,"PPRIND19010.webp,PPRIND19010-AMBIENTE.webp",PPRIND19010.webp,PPRIND19010-AMBIENTE.webp,Cinza
Papel de Parede Industrial Aço Enferruajdo,PPRIND19011,Papel de parede,Industrial,Cor,Laranja,Autor,PauloRAZZ,https://ipapel.com.br/wp-content/uploads/2022/05/PPRIND19011-Amostra.jpg,"PPRIND19011.webp,PPRIND19011-AMBIENTE.webp",PPRIND19011.webp,PPRIND19011-AMBIENTE.webp,Laranja
Papel de Parede Industrial Aço Enferruajdo,PPRIND19012,Papel de parede,Industrial,Cor,Laranja,Autor,PauloRAZZ,https://ipapel.com.br/wp-content/uploads/2022/05/PPRIND19012-Amostra.jpg,"PPRIND19012.webp,PPRIND19012-AMBIENTE.webp",PPRIND19012.webp,PPRIND19012-AMBIENTE.webp,Laranja
Papel de Parede Industrial Aço Enferruajdo,PPRIND19013,Papel de parede,Industrial,Cor,Laranja,Autor,PauloRAZZ,https://ipapel.com.br/wp-content/uploads/2022/05/PPRIND19013-Amostra.jpg,"PPRIND19013.webp,PPRIND19013-AMBIENTE.webp",PPRIND19013.webp,PPRIND19013-AMBIENTE.webp,Laranja
Papel de Parede Industrial Aço Enferruajdo,PPRIND19014,Papel de parede,Industrial,Cor,Laranja,Autor,PauloRAZZ,https://ipapel.com.br/wp-content/uploads/2022/05/PPRIND19014-Amostra.jpg,"PPRIND19014.webp,PPRIND19014-AMBIENTE.webp",PPRIND19014.webp,PPRIND19014-AMBIENTE.webp,Laranja
Papel de Parede Industrial Aço Enferruajdo,PPRIND19015,Papel de parede,Industrial,Cor,Laranja,Autor,PauloRAZZ,https://ipapel.com.br/wp-content/uploads/2022/05/PPRIND19015-Amostra.jpg,"PPRIND19015.webp,PPRIND19015-AMBIENTE.webp",PPRIND19015.webp,PPRIND19015-AMBIENTE.webp,Laranja
Papel de Parede Industrial Aço Enferruajdo,PPRIND19016,Papel de parede,Industrial,Cor,Laranja,Autor,PauloRAZZ,https://ipapel.com.br/wp-content/uploads/2022/05/PPRIND19016-Amostra.jpg,"PPRIND19016.webp,PPRIND19016-AMBIENTE.webp",PPRIND19016.webp,PPRIND19016-AMBIENTE.webp,Laranja
Papel de Parede Industrial Aço Enferruajdo,PPRIND19017,Papel de parede,Industrial,Cor,Laranja,Autor,PauloRAZZ,https://ipapel.com.br/wp-content/uploads/2022/05/PPRIND19017-Amostra.jpg,"PPRIND19017.webp,PPRIND19017-AMBIENTE.webp",PPRIND19017.webp,PPRIND19017-AMBIENTE.webp,Laranja
Papel de Parede Industrial Aço Enferruajdo,PPRIND19018,Papel de parede,Industrial,Cor,Laranja,Autor,PauloRAZZ,https://ipapel.com.br/wp-content/uploads/2022/05/PPRIND19018-Amostra.jpg,"PPRIND19018.webp,PPRIND19018-AMBIENTE.webp",PPRIND19018.webp,PPRIND19018-AMBIENTE.webp,Laranja
Papel de Parede Industrial Aço Enferruajdo,PPRIND19019,Papel de parede,Industrial,Cor,Marrom,Autor,PauloRAZZ,https://ipapel.com.br/wp-content/uploads/2022/05/PPRIND19019-Amostra.jpg,"PPRIND19019.webp,PPRIND19019-AMBIENTE.webp",PPRIND19019.webp,PPRIND19019-AMBIENTE.webp,Marrom
Papel de Parede Industrial Aço Enferruajdo,PPRIND19020,Papel de parede,Industrial,Cor,Marrom,Autor,PauloRAZZ,https://ipapel.com.br/wp-content/uploads/2022/05/PPRIND19020-Amostra.jpg,"PPRIND19020.webp,PPRIND19020-AMBIENTE.webp",PPRIND19020.webp,PPRIND19020-AMBIENTE.webp,Marrom
Papel de Parede Industrial Cimento Queimado,PPRIND19021,Papel de parede,Industrial,Cor,Cinza,Autor,PauloRAZZ,https://ipapel.com.br/wp-content/uploads/2022/05/PPRIND19021-Amostra.jpg,"PPRIND19021.webp,PPRIND19021-AMBIENTE.webp",PPRIND19021.webp,PPRIND19021-AMBIENTE.webp,Cinza
Papel de Parede Industrial Cimento Queimado,PPRIND19022,Papel de parede,Industrial,Cor,Cinza,Autor,PauloRAZZ,https://ipapel.com.br/wp-content/uploads/2022/05/PPRIND19022-Amostra.jpg,"PPRIND19022.webp,PPRIND19022-AMBIENTE.webp",PPRIND19022.webp,PPRIND19022-AMBIENTE.webp,Cinza
Papel de Parede Industrial Cimento Queimado,PPRIND19023,Papel de parede,Industrial,Cor,Cinza,Autor,PauloRAZZ,https://ipapel.com.br/wp-content/uploads/2022/05/PPRIND19023-Amostra.jpg,"PPRIND19023.webp,PPRIND19023-AMBIENTE.webp",PPRIND19023.webp,PPRIND19023-AMBIENTE.webp,Cinza
Papel de Parede Industrial Cimento Queimado,PPRIND19024,Papel de parede,Industrial,Cor,Cinza,Autor,PauloRAZZ,https://ipapel.com.br/wp-content/uploads/2022/05/PPRIND19024-Amostra.jpg,"PPRIND19024.webp,PPRIND19024-AMBIENTE.webp",PPRIND19024.webp,PPRIND19024-AMBIENTE.webp,Cinza
Papel de Parede Industrial Cimento Queimado,PPRIND19025,Papel de parede,Industrial,Cor,Cinza,Autor,PauloRAZZ,https://ipapel.com.br/wp-content/uploads/2022/05/PPRIND19025-Amostra.jpg,"PPRIND19025.webp,PPRIND19025-AMBIENTE.webp",PPRIND19025.webp,PPRIND19025-AMBIENTE.webp,Cinza
Papel de Parede Industrial Cimento Queimado,PPRIND19026,Papel de parede,Industrial,Cor,Cinza,Autor,PauloRAZZ,https://ipapel.com.br/wp-content/uploads/2022/05/PPRIND19026-Amostra.jpg,"PPRIND19026.webp,PPRIND19026-AMBIENTE.webp",PPRIND19026.webp,PPRIND19026-AMBIENTE.webp,Cinza
Papel de Parede Industrial Cimento Queimado,PPRIND19027,Papel de parede,Industrial,Cor,Cinza,Autor,PauloRAZZ,https://ipapel.com.br/wp-content/uploads/2022/05/PPRIND19027-Amostra.jpg,"PPRIND19027.webp,PPRIND19027-AMBIENTE.webp",PPRIND19027.webp,PPRIND19027-AMBIENTE.webp,Cinza
Papel de Parede Industrial Cimento Queimado,PPRIND19028,Papel de parede,Industrial,Cor,Cinza,Autor,PauloRAZZ,https://ipapel.com.br/wp-content/uploads/2022/05/PPRIND19028-Amostra.jpg,"PPRIND19028.webp,PPRIND19028-AMBIENTE.webp",PPRIND19028.webp,PPRIND19028-AMBIENTE.webp,Cinza
Papel de Parede Industrial Cimento Queimado,PPRIND19029,Papel de parede,Industrial,Cor,Cinza,Autor,PauloRAZZ,https://ipapel.com.br/wp-content/uploads/2022/05/PPRIND19029-Amostra.jpg,"PPRIND19029.webp,PPRIND19029-AMBIENTE.webp",PPRIND19029.webp,PPRIND19029-AMBIENTE.webp,Cinza
Papel de Parede Industrial Cimento Queimado,PPRIND19030,Papel de parede,Industrial,Cor,Cinza,Autor,PauloRAZZ,https://ipapel.com.br/wp-content/uploads/2022/05/PPRIND19030-Amostra.jpg,"PPRIND19030.webp,PPRIND19030-AMBIENTE.webp",PPRIND19030.webp,PPRIND19030-AMBIENTE.webp,Cinza
Papel de Parede Industrial Cimento Queimado,PPRIND19031,Papel de parede,Industrial,Cor,Cinza,Autor,PauloRAZZ,https://ipapel.com.br/wp-content/uploads/2022/05/PPRIND19031-Amostra.jpg,"PPRIND19031.webp,PPRIND19031-AMBIENTE.webp",PPRIND19031.webp,PPRIND19031-AMBIENTE.webp,Cinza
Papel de Parede Industrial Cimento Queimado,PPRIND19032,Papel de parede,Industrial,Cor,Preto,Autor,PauloRAZZ,https://ipapel.com.br/wp-content/uploads/2022/05/PPRIND19032-Amostra.jpg,"PPRIND19032.webp,PPRIND19032-AMBIENTE.webp",PPRIND19032.webp,PPRIND19032-AMBIENTE.webp,Preto
Papel de Parede Industrial Cimento Queimado,PPRIND19033,Papel de parede,Industrial,Cor,Cinza,Autor,PauloRAZZ,https://ipapel.com.br/wp-content/uploads/2022/05/PPRIND19033-Amostra.jpg,"PPRIND19033.webp,PPRIND19033-AMBIENTE.webp",PPRIND19033.webp,PPRIND19033-AMBIENTE.webp,Cinza
Papel de Parede Industrial Cimento Queimado,PPRIND19034,Papel de parede,Industrial,Cor,Cinza,Autor,PauloRAZZ,https://ipapel.com.br/wp-content/uploads/2022/05/PPRIND19034-Amostra.jpg,"PPRIND19034.webp,PPRIND19034-AMBIENTE.webp",PPRIND19034.webp,PPRIND19034-AMBIENTE.webp,Cinza
Papel de Parede Industrial Cimento Queimado,PPRIND19035,Papel de parede,Industrial,Cor,Cinza,Autor,PauloRAZZ,https://ipapel.com.br/wp-content/uploads/2022/05/PPRIND19035-Amostra.jpg,"PPRIND19035.webp,PPRIND19035-AMBIENTE.webp",PPRIND19035.webp,PPRIND19035-AMBIENTE.webp,Cinza
Papel de Parede Industrial Cimento Queimado,PPRIND19036,Papel de parede,Industrial,Cor,Cinza,Autor,PauloRAZZ,https://ipapel.com.br/wp-content/uploads/2022/05/PPRIND19036-Amostra.jpg,"PPRIND19036.webp,PPRIND19036-AMBIENTE.webp",PPRIND19036.webp,PPRIND19036-AMBIENTE.webp,Cinza
Papel de Parede Industrial Cimento Queimado,PPRIND19037,Papel de parede,Industrial,Cor,Cinza,Autor,PauloRAZZ,https://ipapel.com.br/wp-content/uploads/2022/05/PPRIND19037-Amostra.jpg,"PPRIND19037.webp,PPRIND19037-AMBIENTE.webp",PPRIND19037.webp,PPRIND19037-AMBIENTE.webp,Cinza
Papel de Parede Industrial Tijolo,PPRIND19038,Papel de parede,Industrial,Cor,Cinza,Autor,PauloRAZZ,https://ipapel.com.br/wp-content/uploads/2022/05/PPRIND19038-Amostra.jpg,"PPRIND19038.webp,PPRIND19038-AMBIENTE.webp",PPRIND19038.webp,PPRIND19038-AMBIENTE.webp,Cinza
Papel de Parede Industrial Concreto,PPRIND19039,Papel de parede,Industrial,Cor,Cinza,Autor,PauloRAZZ,https://ipapel.com.br/wp-content/uploads/2022/05/PPRIND19039-Amostra.jpg,"PPRIND19039.webp,PPRIND19039-AMBIENTE.webp",PPRIND19039.webp,PPRIND19039-AMBIENTE.webp,Cinza
Papel de Parede Industrial Concreto,PPRIND19040,Papel de parede,Industrial,Cor,Cinza,Autor,PauloRAZZ,https://ipapel.com.br/wp-content/uploads/2022/05/PPRIND19040-Amostra.jpg,"PPRIND19040.webp,PPRIND19040-AMBIENTE.webp",PPRIND19040.webp,PPRIND19040-AMBIENTE.webp,Cinza
Papel de Parede Industrial Concreto,PPRIND19041,Papel de parede,Industrial,Cor,Cinza,Autor,PauloRAZZ,https://ipapel.com.br/wp-content/uploads/2022/05/PPRIND19041-Amostra.jpg,"PPRIND19041.webp,PPRIND19041-AMBIENTE.webp",PPRIND19041.webp,PPRIND19041-AMBIENTE.webp,Cinza
Papel de Parede Industrial Concreto,PPRIND19042,Papel de parede,Industrial,Cor,Cinza,Autor,PauloRAZZ,https://ipapel.com.br/wp-content/uploads/2022/05/PPRIND19042-Amostra.jpg,"PPRIND19042.webp,PPRIND19042-AMBIENTE.webp",PPRIND19042.webp,PPRIND19042-AMBIENTE.webp,Cinza
Papel de Parede Industrial Concreto,PPRIND19043,Papel de parede,Industrial,Cor,Cinza,Autor,PauloRAZZ,https://ipapel.com.br/wp-content/uploads/2022/05/PPRIND19043-Amostra.jpg,"PPRIND19043.webp,PPRIND19043-AMBIENTE.webp",PPRIND19043.webp,PPRIND19043-AMBIENTE.webp,Cinza
Papel de Parede Industrial Concreto,PPRIND19044,Papel de parede,Industrial,Cor,Cinza,Autor,PauloRAZZ,https://ipapel.com.br/wp-content/uploads/2022/05/PPRIND19044-Amostra.jpg,"PPRIND19044.webp,PPRIND19044-AMBIENTE.webp",PPRIND19044.webp,PPRIND19044-AMBIENTE.webp,Cinza
Papel de Parede Industrial Concreto,PPRIND19045,Papel de parede,Industrial,Cor,Cinza,Autor,PauloRAZZ,https://ipapel.com.br/wp-content/uploads/2022/05/PPRIND19045-Amostra.jpg,"PPRIND19045.webp,PPRIND19045-AMBIENTE.webp",PPRIND19045.webp,PPRIND19045-AMBIENTE.webp,Cinza
Papel de Parede Industrial Concreto,PPRIND19046,Papel de parede,Industrial,Cor,Cinza,Autor,PauloRAZZ,https://ipapel.com.br/wp-content/uploads/2022/05/PPRIND19046-Amostra.jpg,"PPRIND19046.webp,PPRIND19046-AMBIENTE.webp",PPRIND19046.webp,PPRIND19046-AMBIENTE.webp,Cinza
Papel de Parede Industrial Concreto,PPRIND19047,Papel de parede,Industrial,Cor,Cinza,Autor,PauloRAZZ,https://ipapel.com.br/wp-content/uploads/2022/05/PPRIND19047-Amostra.jpg,"PPRIND19047.webp,PPRIND19047-AMBIENTE.webp",PPRIND19047.webp,PPRIND19047-AMBIENTE.webp,Cinza
Papel de Parede Industrial Concreto,PPRIND19048,Papel de parede,Industrial,Cor,Preto,Autor,PauloRAZZ,https://ipapel.com.br/wp-content/uploads/2022/05/PPRIND19048-Amostra.jpg,"PPRIND19048.webp,PPRIND19048-AMBIENTE.webp",PPRIND19048.webp,PPRIND19048-AMBIENTE.webp,Preto
Papel de Parede Industrial Concreto,PPRIND19049,Papel de parede,Industrial,Cor,Preto,Autor,PauloRAZZ,https://ipapel.com.br/wp-content/uploads/2022/05/PPRIND19049-Amostra.jpg,"PPRIND19049.webp,PPRIND19049-AMBIENTE.webp",PPRIND19049.webp,PPRIND19049-AMBIENTE.webp,Preto
Papel de Parede Industrial Concreto,PPRIND19050,Papel de parede,Industrial,Cor,Cinza,Autor,PauloRAZZ,https://ipapel.com.br/wp-content/uploads/2022/05/PPRIND19050-Amostra.jpg,"PPRIND19050.webp,PPRIND19050-AMBIENTE.webp",PPRIND19050.webp,PPRIND19050-AMBIENTE.webp,Cinza
Papel de Parede Industrial Concreto,PPRIND19051,Papel de parede,Industrial,Cor,Cinza,Autor,PauloRAZZ,https://ipapel.com.br/wp-content/uploads/2022/05/PPRIND19051-Amostra.jpg,"PPRIND19051.webp,PPRIND19051-AMBIENTE.webp",PPRIND19051.webp,PPRIND19051-AMBIENTE.webp,Cinza
Papel de Parede Industrial Concreto,PPRIND19052,Papel de parede,Industrial,Cor,Cinza,Autor,PauloRAZZ,https://ipapel.com.br/wp-content/uploads/2022/05/PPRIND19052-Amostra.jpg,"PPRIND19052.webp,PPRIND19052-AMBIENTE.webp",PPRIND19052.webp,PPRIND19052-AMBIENTE.webp,Cinza
Papel de Parede Industrial Concreto,PPRIND19053,Papel de parede,Industrial,Cor,Cinza,Autor,PauloRAZZ,https://ipapel.com.br/wp-content/uploads/2022/05/PPRIND19053-Amostra.jpg,"PPRIND19053.webp,PPRIND19053-AMBIENTE.webp",PPRIND19053.webp,PPRIND19053-AMBIENTE.webp,Cinza
Papel de Parede Industrial Concreto,PPRIND19054,Papel de parede,Industrial,Cor,Cinza,Autor,PauloRAZZ,https://ipapel.com.br/wp-content/uploads/2022/05/PPRIND19054-Amostra.jpg,"PPRIND19054.webp,PPRIND19054-AMBIENTE.webp",PPRIND19054.webp,PPRIND19054-AMBIENTE.webp,Cinza
Papel de Parede Industrial Concreto,PPRIND19055,Papel de parede,Industrial,Cor,Cinza,Autor,PauloRAZZ,https://ipapel.com.br/wp-content/uploads/2022/05/PPRIND19055-Amostra.jpg,"PPRIND19055.webp,PPRIND19055-AMBIENTE.webp",PPRIND19055.webp,PPRIND19055-AMBIENTE.webp,Cinza
Papel de Parede Industrial Concreto,PPRIND19056,Papel de parede,Industrial,Cor,Cinza,Autor,PauloRAZZ,https://ipapel.com.br/wp-content/uploads/2022/05/PPRIND19056-Amostra.jpg,"PPRIND19056.webp,PPRIND19056-AMBIENTE.webp",PPRIND19056.webp,PPRIND19056-AMBIENTE.webp,Cinza
Papel de Parede Industrial Conteiner,PPRIND19057,Papel de parede,Industrial,Cor,Azul,Autor,PauloRAZZ,https://ipapel.com.br/wp-content/uploads/2022/05/PPRIND19057-Amostra.jpg,"PPRIND19057.webp,PPRIND19057-AMBIENTE.webp",PPRIND19057.webp,PPRIND19057-AMBIENTE.webp,Azul
Papel de Parede Industrial Conteiner,PPRIND19058,Papel de parede,Industrial,Cor,Azul,Autor,PauloRAZZ,https://ipapel.com.br/wp-content/uploads/2022/05/PPRIND19058-Amostra.jpg,"PPRIND19058.webp,PPRIND19058-AMBIENTE.webp",PPRIND19058.webp,PPRIND19058-AMBIENTE.webp,Azul
Papel de Parede Industrial Conteiner,PPRIND19059,Papel de parede,Industrial,Cor,Branco,Autor,PauloRAZZ,https://ipapel.com.br/wp-content/uploads/2022/05/PPRIND19059-Amostra.jpg,"PPRIND19059.webp,PPRIND19059-AMBIENTE.webp",PPRIND19059.webp,PPRIND19059-AMBIENTE.webp,Branco
Papel de Parede Industrial Conteiner,PPRIND19060,Papel de parede,Industrial,Cor,Laranja,Autor,PauloRAZZ,https://ipapel.com.br/wp-content/uploads/2022/05/PPRIND19060-Amostra.jpg,"PPRIND19060.webp,PPRIND19060-AMBIENTE.webp",PPRIND19060.webp,PPRIND19060-AMBIENTE.webp,Laranja
Papel de Parede Industrial Conteiner,PPRIND19061,Papel de parede,Industrial,Cor,Branco,Autor,PauloRAZZ,https://ipapel.com.br/wp-content/uploads/2022/05/PPRIND19061-Amostra.jpg,"PPRIND19061.webp,PPRIND19061-AMBIENTE.webp",PPRIND19061.webp,PPRIND19061-AMBIENTE.webp,Branco
Papel de Parede Industrial Conteiner,PPRIND19062,Papel de parede,Industrial,Cor,Branco,Autor,PauloRAZZ,https://ipapel.com.br/wp-content/uploads/2022/05/PPRIND19062-Amostra.jpg,"PPRIND19062.webp,PPRIND19062-AMBIENTE.webp",PPRIND19062.webp,PPRIND19062-AMBIENTE.webp,Branco
Papel de Parede Industrial Conteiner,PPRIND19063,Papel de parede,Industrial,Cor,Azul,Autor,PauloRAZZ,https://ipapel.com.br/wp-content/uploads/2022/05/PPRIND19063-Amostra.jpg,"PPRIND19063.webp,PPRIND19063-AMBIENTE.webp",PPRIND19063.webp,PPRIND19063-AMBIENTE.webp,Azul
Papel de Parede Industrial Conteiner,PPRIND19064,Papel de parede,Industrial,Cor,Azul,Autor,PauloRAZZ,https://ipapel.com.br/wp-content/uploads/2022/05/PPRIND19064-Amostra.jpg,"PPRIND19064.webp,PPRIND19064-AMBIENTE.webp",PPRIND19064.webp,PPRIND19064-AMBIENTE.webp,Azul
Papel de Parede Industrial Conteiner,PPRIND19065,Papel de parede,Industrial,Cor,Amarelo,Autor,PauloRAZZ,https://ipapel.com.br/wp-content/uploads/2022/05/PPRIND19065-Amostra.jpg,"PPRIND19065.webp,PPRIND19065-AMBIENTE.webp",PPRIND19065.webp,PPRIND19065-AMBIENTE.webp,Amarelo
Papel de Parede Industrial Conteiner,PPRIND19066,Papel de parede,Industrial,Cor,Amarelo,Autor,PauloRAZZ,https://ipapel.com.br/wp-content/uploads/2022/05/PPRIND19066-Amostra.jpg,"PPRIND19066.webp,PPRIND19066-AMBIENTE.webp",PPRIND19066.webp,PPRIND19066-AMBIENTE.webp,Amarelo
Papel de Parede Industrial Conteiner,PPRIND19067,Papel de parede,Industrial,Cor,Laranja,Autor,PauloRAZZ,https://ipapel.com.br/wp-content/uploads/2022/05/PPRIND19067-Amostra.jpg,"PPRIND19067.webp,PPRIND19067-AMBIENTE.webp",PPRIND19067.webp,PPRIND19067-AMBIENTE.webp,Laranja
Papel de Parede Industrial Conteiner,PPRIND19068,Papel de parede,Industrial,Cor,Laranja,Autor,PauloRAZZ,https://ipapel.com.br/wp-content/uploads/2022/05/PPRIND19068-Amostra.jpg,"PPRIND19068.webp,PPRIND19068-AMBIENTE.webp",PPRIND19068.webp,PPRIND19068-AMBIENTE.webp,Laranja
Papel de Parede Industrial Conteiner,PPRIND19069,Papel de parede,Industrial,Cor,Verde,Autor,PauloRAZZ,https://ipapel.com.br/wp-content/uploads/2022/05/PPRIND19069-Amostra.jpg,"PPRIND19069.webp,PPRIND19069-AMBIENTE.webp",PPRIND19069.webp,PPRIND19069-AMBIENTE.webp,Verde
Papel de Parede Industrial Conteiner,PPRIND19070,Papel de parede,Industrial,Cor,Verde,Autor,PauloRAZZ,https://ipapel.com.br/wp-content/uploads/2022/05/PPRIND19070-Amostra.jpg,"PPRIND19070.webp,PPRIND19070-AMBIENTE.webp",PPRIND19070.webp,PPRIND19070-AMBIENTE.webp,Verde
Papel de Parede Industrial Conteiner,PPRIND19071,Papel de parede,Industrial,Cor,Vermelho,Autor,PauloRAZZ,https://ipapel.com.br/wp-content/uploads/2022/05/PPRIND19071-Amostra.jpg,"PPRIND19071.webp,PPRIND19071-AMBIENTE.webp",PPRIND19071.webp,PPRIND19071-AMBIENTE.webp,Vermelho
Papel de Parede Industrial Conteiner,PPRIND19072,Papel de parede,Industrial,Cor,Vermelho,Autor,PauloRAZZ,https://ipapel.com.br/wp-content/uploads/2022/05/PPRIND19072-Amostra.jpg,"PPRIND19072.webp,PPRIND19072-AMBIENTE.webp",PPRIND19072.webp,PPRIND19072-AMBIENTE.webp,Vermelho
Papel de Parede Industrial Conteiner,PPRIND19073,Papel de parede,Industrial,Cor,Cinza,Autor,PauloRAZZ,https://ipapel.com.br/wp-content/uploads/2022/05/PPRIND19073-Amostra.jpg,"PPRIND19073.webp,PPRIND19073-AMBIENTE.webp",PPRIND19073.webp,PPRIND19073-AMBIENTE.webp,Cinza
Papel de Parede Industrial Conteiner,PPRIND19074,Papel de parede,Industrial,Cor,Cinza,Autor,PauloRAZZ,https://ipapel.com.br/wp-content/uploads/2022/05/PPRIND19074-Amostra.jpg,"PPRIND19074.webp,PPRIND19074-AMBIENTE.webp",PPRIND19074.webp,PPRIND19074-AMBIENTE.webp,Cinza
Papel de Parede Industrial Caixa de Madeira,PPRIND19075,Papel de parede,Industrial,Cor,Marrom,Autor,PauloRAZZ,https://ipapel.com.br/wp-content/uploads/2022/05/PPRIND19075-Amostra.jpg,"PPRIND19075.webp,PPRIND19075-AMBIENTE.webp",PPRIND19075.webp,PPRIND19075-AMBIENTE.webp,Marrom
Papel de Parede Industrial Caixa de Madeira,PPRIND19076,Papel de parede,Industrial,Cor,Marrom,Autor,PauloRAZZ,https://ipapel.com.br/wp-content/uploads/2022/05/PPRIND19076-Amostra.jpg,"PPRIND19076.webp,PPRIND19076-AMBIENTE.webp",PPRIND19076.webp,PPRIND19076-AMBIENTE.webp,Marrom
Papel de Parede Industrial Caixa de Madeira,PPRIND19077,Papel de parede,Industrial,Cor,Marrom,Autor,PauloRAZZ,https://ipapel.com.br/wp-content/uploads/2022/05/PPRIND19077-Amostra.jpg,"PPRIND19077.webp,PPRIND19077-AMBIENTE.webp",PPRIND19077.webp,PPRIND19077-AMBIENTE.webp,Marrom
Papel de Parede Industrial Caixa de Madeira,PPRIND19078,Papel de parede,Industrial,Cor,Marrom,Autor,PauloRAZZ,https://ipapel.com.br/wp-content/uploads/2022/05/PPRIND19078-Amostra.jpg,"PPRIND19078.webp,PPRIND19078-AMBIENTE.webp",PPRIND19078.webp,PPRIND19078-AMBIENTE.webp,Marrom
Papel de Parede Industrial Caixa de Madeira,PPRIND19079,Papel de parede,Industrial,Cor,Marrom,Autor,PauloRAZZ,https://ipapel.com.br/wp-content/uploads/2022/05/PPRIND19079-Amostra.jpg,"PPRIND19079.webp,PPRIND19079-AMBIENTE.webp",PPRIND19079.webp,PPRIND19079-AMBIENTE.webp,Marrom
Papel de Parede Industrial Caixa de Madeira,PPRIND19080,Papel de parede,Industrial,Cor,Marrom,Autor,PauloRAZZ,https://ipapel.com.br/wp-content/uploads/2022/05/PPRIND19080-Amostra.jpg,"PPRIND19080.webp,PPRIND19080-AMBIENTE.webp",PPRIND19080.webp,PPRIND19080-AMBIENTE.webp,Marrom
Papel de Parede Industrial Madeira,PPRIND19081,Papel de parede,Industrial,Cor,Marrom,Autor,PauloRAZZ,https://ipapel.com.br/wp-content/uploads/2022/05/PPRIND19081-Amostra.jpg,"PPRIND19081.webp,PPRIND19081-AMBIENTE.webp",PPRIND19081.webp,PPRIND19081-AMBIENTE.webp,Marrom
Papel de Parede Industrial Madeira,PPRIND19082,Papel de parede,Industrial,Cor,Marrom,Autor,PauloRAZZ,https://ipapel.com.br/wp-content/uploads/2022/05/PPRIND19082-Amostra.jpg,"PPRIND19082.webp,PPRIND19082-AMBIENTE.webp",PPRIND19082.webp,PPRIND19082-AMBIENTE.webp,Marrom
Papel de Parede Industrial Madeira,PPRIND19083,Papel de parede,Industrial,Cor,Marrom,Autor,PauloRAZZ,https://ipapel.com.br/wp-content/uploads/2022/05/PPRIND19083-Amostra.jpg,"PPRIND19083.webp,PPRIND19083-AMBIENTE.webp",PPRIND19083.webp,PPRIND19083-AMBIENTE.webp,Marrom
Papel de Parede Industrial Madeira,PPRIND19084,Papel de parede,Industrial,Cor,Marrom,Autor,PauloRAZZ,https://ipapel.com.br/wp-content/uploads/2022/05/PPRIND19084-Amostra.jpg,"PPRIND19084.webp,PPRIND19084-AMBIENTE.webp",PPRIND19084.webp,PPRIND19084-AMBIENTE.webp,Marrom
Papel de Parede Industrial Madeira,PPRIND19085,Papel de parede,Industrial,Cor,Marrom,Autor,PauloRAZZ,https://ipapel.com.br/wp-content/uploads/2022/05/PPRIND19085-Amostra.jpg,"PPRIND19085.webp,PPRIND19085-AMBIENTE.webp",PPRIND19085.webp,PPRIND19085-AMBIENTE.webp,Marrom
Papel de Parede Industrial Madeira,PPRIND19086,Papel de parede,Industrial,Cor,Marrom,Autor,PauloRAZZ,https://ipapel.com.br/wp-content/uploads/2022/05/PPRIND19086-Amostra.jpg,"PPRIND19086.webp,PPRIND19086-AMBIENTE.webp",PPRIND19086.webp,PPRIND19086-AMBIENTE.webp,Marrom
Papel de Parede Industrial Madeira,PPRIND19087,Papel de parede,Industrial,Cor,Marrom,Autor,PauloRAZZ,https://ipapel.com.br/wp-content/uploads/2022/05/PPRIND19087-Amostra.jpg,"PPRIND19087.webp,PPRIND19087-AMBIENTE.webp",PPRIND19087.webp,PPRIND19087-AMBIENTE.webp,Marrom
Papel de Parede Industrial Madeira,PPRIND19088,Papel de parede,Industrial,Cor,Marrom,Autor,PauloRAZZ,https://ipapel.com.br/wp-content/uploads/2022/05/PPRIND19088-Amostra.jpg,"PPRIND19088.webp,PPRIND19088-AMBIENTE.webp",PPRIND19088.webp,PPRIND19088-AMBIENTE.webp,Marrom
Papel de Parede Industrial Madeira,PPRIND19089,Papel de parede,Industrial,Cor,Marrom,Autor,PauloRAZZ,https://ipapel.com.br/wp-content/uploads/2022/05/PPRIND19089-Amostra.jpg,"PPRIND19089.webp,PPRIND19089-AMBIENTE.webp",PPRIND19089.webp,PPRIND19089-AMBIENTE.webp,Marrom
Papel de Parede Industrial Madeira,PPRIND19090,Papel de parede,Industrial,Cor,Marrom,Autor,PauloRAZZ,https://ipapel.com.br/wp-content/uploads/2022/05/PPRIND19090-Amostra.jpg,"PPRIND19090.webp,PPRIND19090-AMBIENTE.webp",PPRIND19090.webp,PPRIND19090-AMBIENTE.webp,Marrom
Papel de Parede Industrial Madeira,PPRIND19091,Papel de parede,Industrial,Cor,Marrom,Autor,PauloRAZZ,https://ipapel.com.br/wp-content/uploads/2022/05/PPRIND19091-Amostra.jpg,"PPRIND19091.webp,PPRIND19091-AMBIENTE.webp",PPRIND19091.webp,PPRIND19091-AMBIENTE.webp,Marrom
Papel de Parede Industrial Madeira,PPRIND19092,Papel de parede,Industrial,Cor,Marrom,Autor,PauloRAZZ,https://ipapel.com.br/wp-content/uploads/2022/05/PPRIND19092-Amostra.jpg,"PPRIND19092.webp,PPRIND19092-AMBIENTE.webp",PPRIND19092.webp,PPRIND19092-AMBIENTE.webp,Marrom
Papel de Parede Industrial Madeira,PPRIND19093,Papel de parede,Industrial,Cor,Cinza,Autor,PauloRAZZ,https://ipapel.com.br/wp-content/uploads/2022/05/PPRIND19093-Amostra.jpg,"PPRIND19093.webp,PPRIND19093-AMBIENTE.webp",PPRIND19093.webp,PPRIND19093-AMBIENTE.webp,Cinza
Papel de Parede Industrial Madeira,PPRIND19094,Papel de parede,Industrial,Cor,Marrom,Autor,PauloRAZZ,https://ipapel.com.br/wp-content/uploads/2022/05/PPRIND19094-Amostra.jpg,"PPRIND19094.webp,PPRIND19094-AMBIENTE.webp",PPRIND19094.webp,PPRIND19094-AMBIENTE.webp,Marrom
Papel de Parede Industrial Madeira,PPRIND19095,Papel de parede,Industrial,Cor,Marrom,Autor,PauloRAZZ,https://ipapel.com.br/wp-content/uploads/2022/05/PPRIND19095-Amostra.jpg,"PPRIND19095.webp,PPRIND19095-AMBIENTE.webp",PPRIND19095.webp,PPRIND19095-AMBIENTE.webp,Marrom
Papel de Parede Industrial Madeira,PPRIND19096,Papel de parede,Industrial,Cor,Marrom,Autor,PauloRAZZ,https://ipapel.com.br/wp-content/uploads/2022/05/PPRIND19096-Amostra.jpg,"PPRIND19096.webp,PPRIND19096-AMBIENTE.webp",PPRIND19096.webp,PPRIND19096-AMBIENTE.webp,Marrom
Papel de Parede Industrial Madeira,PPRIND19097,Papel de parede,Industrial,Cor,Marrom,Autor,PauloRAZZ,https://ipapel.com.br/wp-content/uploads/2022/05/PPRIND19097-Amostra.jpg,"PPRIND19097.webp,PPRIND19097-AMBIENTE.webp",PPRIND19097.webp,PPRIND19097-AMBIENTE.webp,Marrom
Papel de Parede Industrial Madeira,PPRIND19098,Papel de parede,Industrial,Cor,Marrom,Autor,PauloRAZZ,https://ipapel.com.br/wp-content/uploads/2022/05/PPRIND19098-Amostra.jpg,"PPRIND19098.webp,PPRIND19098-AMBIENTE.webp",PPRIND19098.webp,PPRIND19098-AMBIENTE.webp,Marrom
Papel de Parede Industrial Madeira,PPRIND19099,Papel de parede,Industrial,Cor,Branco,Autor,PauloRAZZ,https://ipapel.com.br/wp-content/uploads/2022/05/PPRIND19099-Amostra.jpg,"PPRIND19099.webp,PPRIND19099-AMBIENTE.webp",PPRIND19099.webp,PPRIND19099-AMBIENTE.webp,Branco
Papel de Parede Industrial Madeira,PPRIND19100,Papel de parede,Industrial,Cor,Marrom,Autor,PauloRAZZ,https://ipapel.com.br/wp-content/uploads/2022/05/PPRIND19100-Amostra.jpg,"PPRIND19100.webp,PPRIND19100-AMBIENTE.webp",PPRIND19100.webp,PPRIND19100-AMBIENTE.webp,Marrom
Papel de Parede Industrial Ripado,PPRIND19101,Papel de parede,Industrial,Cor,Marrom,Autor,PauloRAZZ,https://ipapel.com.br/wp-content/uploads/2022/05/PPRIND19101-Amostra.jpg,"PPRIND19101.webp,PPRIND19101-AMBIENTE.webp",PPRIND19101.webp,PPRIND19101-AMBIENTE.webp,Marrom
Papel de Parede Industrial Palha Trançada,PPRIND19102,Papel de parede,Industrial,Cor,Marrom,Autor,PauloRAZZ,https://ipapel.com.br/wp-content/uploads/2022/05/PPRIND19102-Amostra.jpg,"PPRIND19102.webp,PPRIND19102-AMBIENTE.webp",PPRIND19102.webp,PPRIND19102-AMBIENTE.webp,Marrom
Papel de Parede Industrial Casca de Árvore,PPRIND19103,Papel de parede,Industrial,Cor,Marrom,Autor,PauloRAZZ,https://ipapel.com.br/wp-content/uploads/2022/05/PPRIND19103-Amostra.jpg,"PPRIND19103.webp,PPRIND19103-AMBIENTE.webp",PPRIND19103.webp,PPRIND19103-AMBIENTE.webp,Marrom
Papel de Parede Industrial Casca de Árvore,PPRIND19104,Papel de parede,Industrial,Cor,Marrom,Autor,PauloRAZZ,https://ipapel.com.br/wp-content/uploads/2022/05/PPRIND19104-Amostra.jpg,"PPRIND19104.webp,PPRIND19104-AMBIENTE.webp",PPRIND19104.webp,PPRIND19104-AMBIENTE.webp,Marrom
Papel de Parede Industrial,PPRIND19105,Papel de parede,Industrial,Cor,Cinza,Autor,PauloRAZZ,https://ipapel.com.br/wp-content/uploads/2022/05/PPRIND19105-Amostra.jpg,"PPRIND19105.webp,PPRIND19105-AMBIENTE.webp",PPRIND19105.webp,PPRIND19105-AMBIENTE.webp,Cinza
Papel de Parede Industrial Metal,PPRIND19106,Papel de parede,Industrial,Cor,Cinza,Autor,PauloRAZZ,https://ipapel.com.br/wp-content/uploads/2022/05/PPRIND19106-Amostra.jpg,"PPRIND19106.webp,PPRIND19106-AMBIENTE.webp",PPRIND19106.webp,PPRIND19106-AMBIENTE.webp,Cinza
Papel de Parede Industrial Parafusos,PPRIND19107,Papel de parede,Industrial,Cor,Cinza,Autor,PauloRAZZ,https://ipapel.com.br/wp-content/uploads/2022/05/PPRIND19107-Amostra.jpg,"PPRIND19107.webp,PPRIND19107-AMBIENTE.webp",PPRIND19107.webp,PPRIND19107-AMBIENTE.webp,Cinza
Papel de Parede Industrial Grade Metálica,PPRIND19108,Papel de parede,Industrial,Cor,Cinza,Autor,PauloRAZZ,https://ipapel.com.br/wp-content/uploads/2022/05/PPRIND19108-Amostra.jpg,"PPRIND19108.webp,PPRIND19108-AMBIENTE.webp",PPRIND19108.webp,PPRIND19108-AMBIENTE.webp,Cinza
Papel de Parede Industrial,PPRIND19109,Papel de parede,Industrial,Cor,Cinza,Autor,PauloRAZZ,https://ipapel.com.br/wp-content/uploads/2022/05/PPRIND19109-Amostra.jpg,"PPRIND19109.webp,PPRIND19109-AMBIENTE.webp",PPRIND19109.webp,PPRIND19109-AMBIENTE.webp,Cinza
Papel de Parede Industrial,PPRIND19110,Papel de parede,Industrial,Cor,Cinza,Autor,PauloRAZZ,https://ipapel.com.br/wp-content/uploads/2022/05/PPRIND19110-Amostra.jpg,"PPRIND19110.webp,PPRIND19110-AMBIENTE.webp",PPRIND19110.webp,PPRIND19110-AMBIENTE.webp,Cinza
Papel de Parede Industrial,PPRIND19111,Papel de parede,Industrial,Cor,Cinza,Autor,PauloRAZZ,https://ipapel.com.br/wp-content/uploads/2022/05/PPRIND19111-Amostra.jpg,"PPRIND19111.webp,PPRIND19111-AMBIENTE.webp",PPRIND19111.webp,PPRIND19111-AMBIENTE.webp,Cinza
Papel de Parede Industrial,PPRIND19112,Papel de parede,Industrial,Cor,Amarelo,Autor,PauloRAZZ,https://ipapel.com.br/wp-content/uploads/2022/05/PPRIND19112-Amostra.jpg,"PPRIND19112.webp,PPRIND19112-AMBIENTE.webp",PPRIND19112.webp,PPRIND19112-AMBIENTE.webp,Amarelo
Papel de Parede Industrial,PPRIND19113,Papel de parede,Industrial,Cor,Cinza,Autor,PauloRAZZ,https://ipapel.com.br/wp-content/uploads/2022/05/PPRIND19113-Amostra.jpg,"PPRIND19113.webp,PPRIND19113-AMBIENTE.webp",PPRIND19113.webp,PPRIND19113-AMBIENTE.webp,Cinza
Papel de Parede Industrial,PPRIND19114,Papel de parede,Industrial,Cor,Cinza,Autor,PauloRAZZ,https://ipapel.com.br/wp-content/uploads/2022/05/PPRIND19114-Amostra.jpg,"PPRIND19114.webp,PPRIND19114-AMBIENTE.webp",PPRIND19114.webp,PPRIND19114-AMBIENTE.webp,Cinza
Papel de Parede Industrial,PPRIND19115,Papel de parede,Industrial,Cor,Cinza,Autor,PauloRAZZ,https://ipapel.com.br/wp-content/uploads/2022/05/PPRIND19115-Amostra.jpg,"PPRIND19115.webp,PPRIND19115-AMBIENTE.webp",PPRIND19115.webp,PPRIND19115-AMBIENTE.webp,Cinza
Papel de Parede Industrial,PPRIND19116,Papel de parede,Industrial,Cor,Cinza,Autor,PauloRAZZ,https://ipapel.com.br/wp-content/uploads/2022/05/PPRIND19116-Amostra.jpg,"PPRIND19116.webp,PPRIND19116-AMBIENTE.webp",PPRIND19116.webp,PPRIND19116-AMBIENTE.webp,Cinza
Papel de Parede Industrial,PPRIND19117,Papel de parede,Industrial,Cor,Cinza,Autor,PauloRAZZ,https://ipapel.com.br/wp-content/uploads/2022/05/PPRIND19117-Amostra.jpg,"PPRIND19117.webp,PPRIND19117-AMBIENTE.webp",PPRIND19117.webp,PPRIND19117-AMBIENTE.webp,Cinza
